[
    {
        "title": "bible chunked by chapter",
        "apiToken": "a1316745-313f-4bdf-b073-3705bf11a0e7",
        "numberOfParts": 2,
        "sessionId": "vkuyk8lg74nq",
        "lookupPath": "https://firebasestorage.googleapis.com/v0/b/promptplusai.appspot.com/o/projectLookups%2FHlm0AZ9mUCeWrMF6hI7SueVPbrq1%2Fbiblechapters-gen3%2FbyDocument%2FDOC_ID_URIENCODED.json?alt=media",
        "topK": 15
    },
    {
        "title": "bible chunked by verse",
        "apiToken": "9b2b6dcc-900d-4051-9947-a42830853d86",
        "sessionId": "lh3a4fui9n7j",
        "lookupPath": "https://firebasestorage.googleapis.com/v0/b/promptplusai.appspot.com/o/projectLookups%2FHlm0AZ9mUCeWrMF6hI7SueVPbrq1%2Fbibleverses-gen3-v2%2FbyDocument%2FDOC_ID_URIENCODED.json?alt=media",
        "topK": 15
    },
    {
        "title": "song full lyrics chunk",
        "apiToken": "cfbde57f-a4e6-4eb9-aea4-36d5fbbdad16",
        "sessionId": "8umxl4rdt32x",
        "lookupPath": "https://firebasestorage.googleapis.com/v0/b/promptplusai.appspot.com/o/projectLookups%2FHlm0AZ9mUCeWrMF6hI7SueVPbrq1%2Fsong-demo-v3%2FbyDocument%2FDOC_ID_URIENCODED.json?alt=media",
        "topK": 15
    },
    {
        "title": "song stanza chunk",
        "apiToken": "b0a5f137-b5ff-4b78-8074-79a3f775a212",
        "sessionId": "prg66uadseer",
        "lookupPath": "https://firebasestorage.googleapis.com/v0/b/promptplusai.appspot.com/o/projectLookups%2FHlm0AZ9mUCeWrMF6hI7SueVPbrq1%2Fsong-demo-v6-4-1%2FbyDocument%2FDOC_ID_URIENCODED.json?alt=media",
        "topK": 15
    },
    {
        "title": "song verse chunk",
        "apiToken": "6b71e856-1dee-4f9d-bd53-64b6adafc592",
        "sessionId": "bsec9cwrpl72",
        "lookupPath": "https://firebasestorage.googleapis.com/v0/b/promptplusai.appspot.com/o/projectLookups%2FHlm0AZ9mUCeWrMF6hI7SueVPbrq1%2Fsong-demo-v6-verse%2FbyDocument%2FDOC_ID_URIENCODED.json?alt=media",
        "topK": 15
    },
    {
        "title": "song double stanza chunk",
        "apiToken": "3b09a640-7f63-4776-becc-7deab9b9507c",
        "sessionId": "ux4odeb8jqu7",
        "lookupPath": "https://firebasestorage.googleapis.com/v0/b/promptplusai.appspot.com/o/projectLookups%2FHlm0AZ9mUCeWrMF6hI7SueVPbrq1%2Fsong-demo-v3-double-stanze%2FbyDocument%2FDOC_ID_URIENCODED.json?alt=media",
        "topK": 15
    },
    {
        "title": "AI archive - 100 chunk",
        "apiToken": "8b9e7b73-cad1-44c7-9a3b-07eb6914bc1a",
        "sessionId": "h3gb1s7uxt02",
        "lookupPath": "https://firebasestorage.googleapis.com/v0/b/promptplusai.appspot.com/o/projectLookups%2FHlm0AZ9mUCeWrMF6hI7SueVPbrq1%2Far-arxiv-full-100%2FbyDocument%2FDOC_ID_URIENCODED.json?alt=media",
        "topK": 15
    },
    {
        "title": "AI archive - 200 chunk",
        "apiToken": "96b0d708-ec04-4da5-bcf3-783ffc5329eb",
        "sessionId": "x5m51v87x7g8",
        "lookupPath": "https://firebasestorage.googleapis.com/v0/b/promptplusai.appspot.com/o/projectLookups%2FiMY1WwR6NkVnNkLId5bnKT59Np42%2Far-arxiv-full%2FbyDocument%2FDOC_ID_URIENCODED.json?alt=media",
        "topK": 10
    },
    {
        "title": "AI archive - 300 chunk",
        "apiToken": "7f585847-9c4b-4da8-99e8-4102408f1564",
        "sessionId": "2pa7jvukf892",
        "lookupPath": "https://firebasestorage.googleapis.com/v0/b/promptplusai.appspot.com/o/projectLookups%2Farxivchunkedv2%2FDOC_ID_URIENCODED.json?alt=media",
        "topK": 8
    },
    {
        "title": "AI archive - 400 chunk",
        "apiToken": "8168ca87-2017-49ad-a8f3-bba00683e7de",
        "sessionId": "ppdbgryy52mn",
        "lookupPath": "https://firebasestorage.googleapis.com/v0/b/promptplusai.appspot.com/o/projectLookups%2FHlm0AZ9mUCeWrMF6hI7SueVPbrq1%2Far-arxiv-full-400%2FbyDocument%2FDOC_ID_URIENCODED.json?alt=media",
        "topK": 5
    },
    {
        "title": "Covid articles (science.org) - normal",
        "description": "Sentence blocks sized 300 tokens",
        "numberOfParts": 2,
        "apiToken": "338ddcc0-e083-4057-a6bc-6ceecbd98cf6",
        "sessionId": "4fg8acknmo5u",
        "lookupPath": "https://firebasestorage.googleapis.com/v0/b/promptplusai.appspot.com/o/projectLookups%2FHlm0AZ9mUCeWrMF6hI7SueVPbrq1%2Fcovid-sizechunk-v3%2FbyDocument%2FDOC_ID_URIENCODED.json?alt=media",
        "topK": 10
    },
    {
        "title": "Covid articles (science.org) - recursive",
        "description": "Max Size: 300 tokens / 20 overlap",
        "numberOfParts": 2,
        "apiToken": "12781bbc-5d71-4359-831b-377e06d4a27b",
        "sessionId": "cyf1pd1l4wpc",
        "lookupPath": "https://firebasestorage.googleapis.com/v0/b/promptplusai.appspot.com/o/projectLookups%2FHlm0AZ9mUCeWrMF6hI7SueVPbrq1%2Fcovid-list-v3%2FbyDocument%2FDOC_ID_URIENCODED.json?alt=media",
        "topK": 10
    },
    {
        "title": "Covid articles (science.org) - sentence",
        "description": "15 sentence blocks with 3 overlap",
        "numberOfParts": 2,
        "apiToken": "1d4fffc7-5257-4ccd-bba3-6e96fcfd4722",
        "sessionId": "1gcrc37j1miq",
        "lookupPath": "https://firebasestorage.googleapis.com/v0/b/promptplusai.appspot.com/o/projectLookups%2FHlm0AZ9mUCeWrMF6hI7SueVPbrq1%2Fcovid-sentencechunk-v3%2FbyDocument%2FDOC_ID_URIENCODED.json?alt=media",
        "topK": 10
    },
    {
        "useDefaultSession": true,
        "title": "Klyde Session"
    }
]